URL_ID,URL,POSITIVE SCORE,NEGATIVE SCORE,POLARITY SCORE,SUBJECTIVITY SCORE,AVG SENTENCE LENGTH,PERCENTAGE OF COMPLEX WORDS,FOG INDEX,AVG NUMBER OF WORDS PER SENTENCE,COMPLEX WORD COUNT,WORD COUNT,SYLLABLE PER WORD,PERSONAL PRONOUNS,AVG WORD LENGTH
Netclan20241017,https://insights.blackcoffer.com/ai-and-ml-based-youtube-analytics-and-content-creation-tool-for-optimizing-subscriber-engagement-and-content-strategy/,9,0,0.9999998889,0.0322580644,51.77777778,39.78494624,36.62508961,51.77777778,111,467,2.329749104,3,7.121863799
Netclan20241018,https://insights.blackcoffer.com/enhancing-front-end-features-and-functionality-for-improved-user-experience-and-dashboard-accuracy-in-partner-hospital-application/,23,7,0.5333333156,0.04934210518,31.25641026,30.92105263,24.87098516,31.25641026,188,1220,2.152960526,9,6.629934211
Netclan20241019,https://insights.blackcoffer.com/roas-dashboard-for-campaign-wise-google-ads-budget-tracking-using-google-ads-ap/,15,2,0.7647058374,0.05501618105,46.27272727,33.33333333,31.84242424,46.27272727,103,510,2.25566343,3,6.919093851
Netclan20241020,https://insights.blackcoffer.com/efficient-processing-and-analysis-of-financial-data-from-pdf-files-addressing-formatting-inconsistencies-and-ensuring-data-integrity-for-a-toyota-dealership-management-firm/,29,11,0.4499999888,0.07366482491,28.53333333,51.19705341,31.8921547,28.53333333,278,857,2.600368324,6,7.651933702
Netclan20241021,https://insights.blackcoffer.com/development-of-ea-robot-for-automated-trading/,6,0,0.9999998333,0.02214022132,38.5,38.00738007,30.60295203,38.5,103,464,2.335793358,3,7.04797048
Netclan20241022,https://insights.blackcoffer.com/ai-and-ml-based-youtube-analytics-and-content-creation-tool-for-optimizing-subscriber-engagement-and-content-strategy/,9,0,0.9999998889,0.0322580644,51.77777778,39.78494624,36.62508961,51.77777778,111,467,2.329749104,3,7.121863799
Netclan20241023,https://insights.blackcoffer.com/enhancing-front-end-features-and-functionality-for-improved-user-experience-and-dashboard-accuracy-in-partner-hospital-application/,23,7,0.5333333156,0.04934210518,31.25641026,30.92105263,24.87098516,31.25641026,188,1220,2.152960526,9,6.629934211
Netclan20241024,https://insights.blackcoffer.com/roas-dashboard-for-campaign-wise-google-ads-budget-tracking-using-google-ads-ap/,15,2,0.7647058374,0.05501618105,46.27272727,33.33333333,31.84242424,46.27272727,103,510,2.25566343,3,6.919093851
Netclan20241025,https://insights.blackcoffer.com/efficient-processing-and-analysis-of-financial-data-from-pdf-files-addressing-formatting-inconsistencies-and-ensuring-data-integrity-for-a-toyota-dealership-management-firm/,29,11,0.4499999888,0.07366482491,28.53333333,51.19705341,31.8921547,28.53333333,278,857,2.600368324,6,7.651933702
Netclan20241026,https://insights.blackcoffer.com/transforming-and-managing-a-large-scale-sql-pedigree-database-to-neo4j-graph-db/,72,21,0.5483870909,0.0722610722,21.18446602,48.01864802,27.68124562,21.18446602,618,2207,2.528360528,3,7.530691531
Netclan20241027,https://insights.blackcoffer.com/enhancing-model-accuracy-from-58-to-over-90-strategies-for-improving-predictive-performance/,23,6,0.5862068763,0.0644444443,30.8,45.55555556,30.54222222,30.8,205,771,2.533333333,3,7.475555556
Netclan20241028,https://insights.blackcoffer.com/securing-sensitive-financial-data-with-privacy-preserving-machine-learning-for-predictive-analytics/,31,2,0.8787878522,0.05989110697,31.44827586,50.45372051,32.76079855,31.44827586,278,913,2.624319419,8,7.735027223
Netclan20241029,https://insights.blackcoffer.com/enhancing-data-collection-for-research-institutions-addressing-survey-fatigue-and-incorporating-verbal-communication-for-richer-insights/,25,5,0.6666666444,0.07556675044,32.57142857,42.82115869,30.1570349,32.57142857,170,685,2.473551637,6,7.59697733
Netclan20241030,https://insights.blackcoffer.com/analyzing-the-impact-of-positive-emotions-and-pandemic-severity-on-mental-health-and-resilience-among-entrepreneurs-insights-and-predictive-modeling/,17,5,0.5454545207,0.05459057058,38.05555556,46.40198511,33.78301627,38.05555556,187,686,2.52853598,7,7.605459057
Netclan20241031,https://insights.blackcoffer.com/dynamic-brand-centric-dashboard-for-automotive-dealerships-pdf-to-financial-insights-with-flask-react-architecture-and-aws-cloud-hosting/,67,25,0.4565217342,0.0896686159,24.34782609,42.78752437,26.85414018,24.34782609,439,1681,2.451267057,12,7.415204678
Netclan20241032,https://insights.blackcoffer.com/cloud-based-data-modeling-and-analysis-platform-with-drag-and-drop-interface-and-openai-api-integration-for-simulation-insights/,11,1,0.8333332639,0.03478260859,36.64705882,39.13043478,30.31099744,36.64705882,135,624,2.379710145,3,7.104347826
Netclan20241033,https://insights.blackcoffer.com/voter-profile-analysis-and-search-application-for-targeted-campaign-engagement-using-government-voter-data/,45,6,0.7647058674,0.07511045644,29.23076923,46.39175258,30.24900872,29.23076923,315,1141,2.549337261,17,7.634756996
Netclan20241034,https://insights.blackcoffer.com/bert-based-classification-of-individuals-and-organizations-into-two-categories-using-natural-language-processing/,9,3,0.4999999583,0.04301075253,36.84615385,37.6344086,29.79222498,36.84615385,105,480,2.383512545,5,7.222222222
Netclan20241035,https://insights.blackcoffer.com/comprehensive-analysis-of-solana-and-ethereum-contributors-using-github-api-with-comparative-study-of-1000-random-github-profiles/,18,4,0.6363636074,0.05714285699,42.64705882,40.25974026,33.16271963,42.64705882,155,726,2.405194805,5,7.137662338
Netclan20241036,https://insights.blackcoffer.com/powerbi-rest-api-fetching-dataflow-and-refresh-schedules-with-semantic-models/,24,6,0.59999998,0.07894736821,33.42105263,41.05263158,29.78947368,33.42105263,156,636,2.407894737,4,7.123684211
Netclan20241037,https://insights.blackcoffer.com/automated-job-data-import-and-management-solution-for-enhanced-efficiency/,14,1,0.8666666089,0.04518072276,37.33333333,35.54216867,29.1502008,37.33333333,118,561,2.310240964,4,6.912650602
Netclan20241038,https://insights.blackcoffer.com/data-analytics-and-optimization-solution-for-enhancing-renewable-energy-efficiency/,15,2,0.7647058374,0.04885057457,37.93333333,42.52873563,32.18482759,37.93333333,148,570,2.454022989,4,7.287356322
Netclan20241039,https://insights.blackcoffer.com/time-series-analysis-and-trend-forecasting-solution-for-predicting-news-trends/,15,2,0.7647058374,0.05014749248,37.13333333,36.28318584,29.36660767,37.13333333,123,558,2.297935103,4,7.088495575
Netclan20241040,https://insights.blackcoffer.com/advanced-data-visualization-solutions-for-monitoring-key-business-metrics-with-integrated-interactive-dashboards/,20,1,0.9047618617,0.06325301186,36.66666667,38.85542169,30.20883534,36.66666667,129,551,2.418674699,4,7.373493976
Netclan20241041,https://insights.blackcoffer.com/advanced-patient-data-analysis-solution-for-trend-identification-and-improved-healthcare-outcome/,24,2,0.8461538136,0.07624633409,37,36.6568915,29.4627566,37,125,556,2.381231672,4,7.302052786
Netclan20241042,https://insights.blackcoffer.com/anomaly-detection-and-analysis-for-enhanced-data-integrity-and-user-experience-on-bright-datas-website/,19,9,0.3571428444,0.07887323921,39.86666667,40,31.94666667,39.86666667,142,599,2.41971831,4,7.112676056
Netclan20241043,https://insights.blackcoffer.com/building-custom-tflite-models-and-benchmarking-on-voxl2-chips/,13,0,0.9999999231,0.03903903892,39.33333333,40.24024024,31.82942943,39.33333333,134,591,2.342342342,4,7.315315315
Netclan20241044,https://insights.blackcoffer.com/sports-prediction-model-for-multiple-sports-leagues/,21,2,0.8260869206,0.05168539314,40,37.52808989,31.01123596,40,167,761,2.301123596,3,7.217977528
Netclan20241045,https://insights.blackcoffer.com/efficient-coach-allocation-system-for-sports-coaching-organization/,18,4,0.6363636074,0.05459057058,34.85714286,35.48387097,28.13640553,34.85714286,143,733,2.337468983,6,7.17866005
Netclan20241046,https://insights.blackcoffer.com/data-studio-dashboard-with-a-data-pipeline-tool-synced-with-podio-using-custom-webhooks-and-google-cloud-function-2/,25,8,0.5151514995,0.06088560874,28.94117647,34.50184502,25.3772086,28.94117647,187,985,2.326568266,3,7.086715867
Netclan20241047,https://insights.blackcoffer.com/ai-driven-backend-for-audio-to-text-conversion-and-analytical-assessment-in-pharmaceutical-practice/,13,5,0.4444444198,0.0446650123,29.82608696,38.46153846,27.31505017,29.82608696,155,688,2.367245658,4,7.089330025
Netclan20241048,https://insights.blackcoffer.com/cloud-based-web-application-for-financial-data-processing-and-visualization-of-sp-500-metrics/,52,13,0.5999999908,0.1018808776,30.61764706,44.51410658,30.05270146,30.61764706,284,1042,2.559561129,7,7.655172414
Netclan20241049,https://insights.blackcoffer.com/department-wise-kpi-tracking-dashboard-with-technician-performance-analysis-for-atoz-dependable-service/,24,4,0.7142856888,0.04697986569,34.72727273,28.8590604,25.43453325,34.72727273,172,1147,2.112416107,3,6.622483221
Netclan20241050,https://insights.blackcoffer.com/steps-to-convert-a-node-js-api-to-python-for-aws-lambda-deployment/,24,6,0.59999998,0.07751937964,32.55,40.31007752,29.14403101,32.55,156,652,2.416020672,3,7.390180879
Netclan20241051,https://insights.blackcoffer.com/building-an-analytics-dashboard-with-a-pdf-parsing-pipeline-for-data-extraction/,45,25,0.2857142816,0.06386861308,18.78703704,38.86861314,23.06226007,18.78703704,426,2033,2.39689781,3,7.153284672
Netclan20241052,https://insights.blackcoffer.com/building-a-real-time-log-file-visualization-dashboard-in-kibana/,20,19,0.02564102498,0.0612244897,26.58139535,35.94976452,25.01246395,26.58139535,229,1145,2.290423862,4,7.053375196
Netclan20241053,https://insights.blackcoffer.com/analyzing-the-impact-of-female-ceo-appointments-on-company-stock-prices/,29,6,0.6571428384,0.05177514785,24.84313725,43.78698225,27.4520478,24.84313725,296,1275,2.49556213,8,7.463017751
Netclan20241054,https://insights.blackcoffer.com/ai-chatbot-using-llm-langchain-llama/,17,1,0.8888888395,0.04799999987,37.22222222,37.6,29.92888889,37.22222222,141,671,2.328,3,7.016
Netclan20241055,https://insights.blackcoffer.com/healthcare-ai-chatbot-using-llama-llm-langchain/,61,3,0.9062499858,0.08901251726,17.09090909,25.17385257,16.90590467,17.09090909,181,1505,1.995827538,32,6.33379694
Netclan20241056,https://insights.blackcoffer.com/ai-bot-audio-to-audio/,4,0,0.99999975,0.0216216215,78.5,38.37837838,46.75135135,78.5,71,315,2.335135135,2,7.021621622
Netclan20241057,https://insights.blackcoffer.com/recommendation-engine-for-insurance-sector-to-expand-business-in-the-rural-area/,15,2,0.7647058374,0.04775280885,48.23076923,36.51685393,33.89904927,48.23076923,130,628,2.31741573,4,7.056179775
Netclan20241058,https://insights.blackcoffer.com/data-from-crm-via-zapier-to-google-sheets-dynamic-to-powerbi/,17,1,0.8888888395,0.05901639325,35,33.44262295,27.37704918,35,102,526,2.203278689,6,6.626229508
Netclan20241059,https://insights.blackcoffer.com/data-warehouse-to-google-data-studio-looker-dashboard/,10,1,0.8181817438,0.03384615374,39.06666667,33.23076923,28.91897436,39.06666667,108,587,2.224615385,11,6.827692308
Netclan20241060,https://insights.blackcoffer.com/crm-monday-com-via-zapier-to-power-bi-dashboard/,17,4,0.6190475896,0.05849582156,24.85185185,30.64066852,22.19700815,24.85185185,110,672,2.139275766,18,6.493036212
Netclan20241061,https://insights.blackcoffer.com/monday-com-to-kpi-dashboard-to-manage-view-and-generate-insights-from-the-crm-data/,23,8,0.4838709521,0.08157894715,23.93333333,36.31578947,24.09964912,23.93333333,138,719,2.194736842,8,6.418421053
Netclan20241062,https://insights.blackcoffer.com/data-management-for-a-political-saas-application/,10,4,0.428571398,0.03598971713,25.30769231,35.73264781,24.41613605,25.30769231,139,665,2.249357326,7,6.822622108
Netclan20241063,https://insights.blackcoffer.com/google-lsa-ads-google-local-service-ads-etl-tools-and-dashboards/,11,2,0.6923076391,0.04220779207,40.61538462,34.09090909,29.88251748,40.61538462,105,529,2.25,3,6.811688312
Netclan20241064,https://insights.blackcoffer.com/ad-networks-marketing-campaign-data-dashboard-in-looker-google-data-studio/,9,1,0.79999992,0.04237288118,65.5,36.44067797,40.77627119,65.5,86,394,2.283898305,3,6.957627119
Netclan20241065,https://insights.blackcoffer.com/analytical-solution-for-a-tech-firm/,11,3,0.5714285306,0.06306306278,41.88888889,37.83783784,31.89069069,41.88888889,84,378,2.333333333,4,7.036036036
Netclan20241066,https://insights.blackcoffer.com/ai-solution-for-a-technology-information-and-internet-firm/,10,1,0.8181817438,0.04700854681,49.125,38.46153846,35.03461538,49.125,90,395,2.307692308,3,6.978632479
Netclan20241067,https://insights.blackcoffer.com/ai-and-nlp-based-solutions-to-automate-data-discovery-for-venture-capital-and-private-equity-principals/,13,2,0.7333332844,0.05016722391,42.41666667,40.13377926,33.02017837,42.41666667,120,510,2.294314381,3,6.97993311
Netclan20241068,https://insights.blackcoffer.com/an-etl-solution-for-an-internet-publishing-firm/,17,1,0.8888888395,0.0518731987,33.66666667,31.12391931,25.91623439,33.66666667,108,607,2.144092219,12,6.495677233
Netclan20241069,https://insights.blackcoffer.com/ai-based-algorithmic-trading-bot-for-forex/,10,2,0.6666666111,0.04958677665,39.8,35.53719008,30.13487603,39.8,86,399,2.301652893,3,6.892561983
Netclan20241070,https://insights.blackcoffer.com/equity-waterfalls-model-based-saas-application-for-real-estate-sector/,9,4,0.384615355,0.03661971821,27.04166667,37.46478873,25.80258216,27.04166667,133,650,2.270422535,10,6.901408451
Netclan20241071,https://insights.blackcoffer.com/ai-solutions-for-foreign-exchange-an-automated-algo-trading-tool/,14,3,0.6470587855,0.04314720801,41.23529412,36.04060914,30.9103613,41.23529412,142,702,2.223350254,6,6.784263959
Netclan20241072,https://insights.blackcoffer.com/ai-agent-development-and-deployment-in-jina-ai/,16,8,0.3333333194,0.08480565341,44.18181818,37.45583039,32.65505943,44.18181818,106,487,2.342756184,5,6.989399293
Netclan20241073,https://insights.blackcoffer.com/golden-record-a-knowledge-graph-database-approach-to-unfold-discovery-using-neo4j/,19,4,0.6521738847,0.06233062314,37.44444444,33.33333333,28.31111111,37.44444444,123,675,2.184281843,14,6.799457995
Netclan20241074,https://insights.blackcoffer.com/advanced-ai-for-trading-automation/,17,5,0.5454545207,0.05714285699,26.65384615,35.58441558,24.8953047,26.65384615,137,694,2.212987013,11,6.646753247
Netclan20241075,https://insights.blackcoffer.com/create-a-knowledge-graph-to-provide-real-time-analytics-recommendations-and-a-single-source-of-truth/,11,5,0.3749999766,0.06106870206,32.07142857,33.96946565,26.41635769,32.07142857,89,450,2.27480916,3,7.022900763
Netclan20241076,https://insights.blackcoffer.com/advanced-ai-for-thermal-person-detection/,10,1,0.8181817438,0.04954954933,40.88888889,36.03603604,30.76996997,40.88888889,80,369,2.283783784,4,6.95045045
Netclan20241077,https://insights.blackcoffer.com/advanced-ai-for-road-cam-threat-detection/,10,4,0.428571398,0.06008583665,43.33333333,36.90987124,32.09728183,43.33333333,86,391,2.313304721,3,7.034334764
Netclan20241078,https://insights.blackcoffer.com/advanced-ai-for-pedestrian-crossing-safety/,12,4,0.4999999688,0.06722689047,37.36363636,36.97478992,29.73537051,37.36363636,88,412,2.327731092,5,7.075630252
Netclan20241079,https://insights.blackcoffer.com/handgun-detection-using-yolo/,11,1,0.8333332639,0.05263157872,41.11111111,38.59649123,31.88304094,41.11111111,88,371,2.324561404,4,7.100877193
Netclan20241080,https://insights.blackcoffer.com/using-graph-technology-to-create-single-customer-view/,10,8,0.1111111049,0.06741573008,29.8,37.45318352,26.90127341,29.8,100,448,2.337078652,6,7.086142322
Netclan20241081,https://insights.blackcoffer.com/car-detection-in-satellite-images/,17,2,0.7894736427,0.05621301759,29.14285714,34.02366864,25.26661031,29.14285714,115,613,2.204142012,10,6.801775148
Netclan20241082,https://insights.blackcoffer.com/building-a-physics-informed-neural-network-for-circuit-evaluation/,16,4,0.59999997,0.05420054186,28.60869565,36.04336043,25.86082243,28.60869565,133,659,2.314363144,14,7.100271003
Netclan20241083,https://insights.blackcoffer.com/connecting-mongodb-database-to-power-bi-dashboard-dashboard-automation/,10,5,0.3333333111,0.03865979371,32.4,29.89690722,24.91876289,32.4,116,649,2.182989691,12,6.657216495
Netclan20241084,https://insights.blackcoffer.com/data-transformation/,26,13,0.3333333248,0.09263657935,27.35714286,33.49168646,24.33953173,27.35714286,141,767,2.206650831,13,6.596199525
Netclan20241085,https://insights.blackcoffer.com/e-commerce-store-analysis-purchase-behavior-ad-spend-conversion-traffic-etc/,11,1,0.8333332639,0.03191489353,29.45454545,33.24468085,25.07969052,29.45454545,125,649,2.252659574,16,6.843085106
Netclan20241086,https://insights.blackcoffer.com/kpi-dashboard-for-accountants/,13,0,0.9999999231,0.0380116958,37.8,37.42690058,30.09076023,37.8,128,568,2.280701754,8,6.967836257
Netclan20241087,https://insights.blackcoffer.com/return-on-advertising-spend-dashboard-marketing-automation-and-analytics-using-etl-and-dashboard/,29,4,0.7575757346,0.05392156854,28.05405405,41.66666667,27.88828829,28.05405405,255,1043,2.406862745,8,7.200980392
Netclan20241088,https://insights.blackcoffer.com/ranking-customer-behaviours-for-business-strategy/,10,2,0.6666666111,0.04081632639,65.375,34.01360544,39.75544218,65.375,100,524,2.255102041,4,6.802721088
Netclan20241089,https://insights.blackcoffer.com/algorithmic-trading-for-multiple-commodities-markets-like-forex-metals-energy-etc/,13,0,0.9999999231,0.03591160211,33.63157895,38.12154696,28.70125036,33.63157895,138,640,2.339779006,3,6.972375691
Netclan20241090,https://insights.blackcoffer.com/trading-bot-for-forex/,6,1,0.7142856122,0.03431372532,68.4,37.25490196,42.26196078,68.4,76,343,2.323529412,3,6.970588235
Netclan20241091,https://insights.blackcoffer.com/python-model-for-the-analysis-of-sector-specific-stock-etfs-for-investment-purposes%ef%bf%bc/,12,2,0.7142856633,0.04179104465,35.88235294,35.52238806,28.5618964,35.88235294,119,611,2.253731343,6,6.841791045
Netclan20241092,https://insights.blackcoffer.com/medical-classification/,12,2,0.7142856633,0.04347826073,35.26666667,33.54037267,27.52281573,35.26666667,108,530,2.273291925,7,6.860248447
Netclan20241093,https://insights.blackcoffer.com/design-develop-bert-question-answering-model-explanations-with-visualization/,6,0,0.9999998333,0.02597402586,54.14285714,37.22943723,36.54891775,54.14285714,86,380,2.354978355,4,7.16017316
Netclan20241094,https://insights.blackcoffer.com/design-and-develop-solution-to-anomaly-detection-classification-problems/,6,7,-0.07692307101,0.04868913839,35.91666667,37.45318352,29.34794007,35.91666667,100,432,2.382022472,7,6.988764045
Netclan20241095,https://insights.blackcoffer.com/an-etl-solution-for-currency-data-to-google-big-query/,6,12,-0.3333333148,0.05769230751,35.06666667,27.88461538,25.18051282,35.06666667,87,527,2.166666667,13,6.551282051
Netclan20241096,https://insights.blackcoffer.com/etl-and-mlops-infrastructure-for-blockchain-analytics/,6,0,0.9999998333,0.01775147924,57.2,36.68639053,37.55455621,57.2,124,573,2.25443787,2,6.875739645
Netclan20241097,https://insights.blackcoffer.com/an-agent-based-model-of-a-virtual-power-plant-vpp/,6,0,0.9999998333,0.03015075362,55.83333333,40.20100503,38.41373534,55.83333333,80,336,2.391959799,2,7.035175879
Netclan20241098,https://insights.blackcoffer.com/transform-api-into-sdk-library-and-widget/,15,1,0.8749999453,0.05947955368,65.28571429,38.28996283,41.43027084,65.28571429,103,458,2.319702602,3,6.862453532
Netclan20241099,https://insights.blackcoffer.com/integration-of-a-product-to-a-cloud-based-crm-platform/,12,6,0.3333333148,0.05678233421,27.4,35.33123028,25.09249211,27.4,112,551,2.299684543,3,6.968454259
Netclan20241100,https://insights.blackcoffer.com/a-web-based-dashboard-for-the-filtered-data-retrieval-of-land-records/,17,3,0.699999965,0.05763688744,33.76470588,33.71757925,26.99291405,33.76470588,117,575,2.259365994,2,6.88184438
Netclan20241101,https://insights.blackcoffer.com/integration-of-video-conferencing-data-to-the-existing-web-app/,6,0,0.9999998333,0.02090592327,44.09090909,33.79790941,31.1555274,44.09090909,97,486,2.271777003,2,6.81533101
Netclan20241102,https://insights.blackcoffer.com/design-develop-an-app-in-retool-which-shows-the-progress-of-the-added-video/,7,0,0.9999998571,0.03286384961,70.4,40.84507042,44.49802817,70.4,87,353,2.384976526,4,6.892018779
Netclan20241103,https://insights.blackcoffer.com/auvik-connectwise-integration-in-grafana/,7,2,0.5555554938,0.03422053219,35.38461538,35.74144487,28.4504241,35.38461538,94,461,2.292775665,2,6.942965779
Netclan20241104,https://insights.blackcoffer.com/data-integration-and-big-data-performance-using-elk-stack/,9,2,0.6363635785,0.03395061718,31,35.49382716,26.59753086,31,115,528,2.237654321,4,6.969135802
Netclan20241105,https://insights.blackcoffer.com/web-data-connector/,6,1,0.7142856122,0.02631578937,32.21428571,34.58646617,26.72030075,32.21428571,92,452,2.30075188,3,6.860902256
Netclan20241106,https://insights.blackcoffer.com/an-app-for-updating-the-email-id-of-the-user-and-stripe-refund-tool-using-retool/,11,1,0.8333332639,0.04878048761,80.2,32.11382114,44.92552846,80.2,79,402,2.239837398,5,6.75203252
Netclan20241107,https://insights.blackcoffer.com/an-ai-ml-based-web-application-that-detects-the-correctness-of-text-in-a-given-video/,5,8,-0.230769213,0.04609929062,78.16666667,35.10638298,45.30921986,78.16666667,99,470,2.219858156,4,6.741134752
Netclan20241108,https://insights.blackcoffer.com/website-tracking-and-insights-using-google-analytics-google-tag-manager/,28,2,0.8666666378,0.04909983625,34.14705882,33.55155483,27.07944546,34.14705882,205,1162,2.201309329,5,6.725040917
Netclan20241109,https://insights.blackcoffer.com/dashboard-to-track-the-analytics-of-the-website-using-google-analytics-and-google-tag-manager/,26,1,0.9259258916,0.04245283012,32.69444444,34.11949686,26.72557652,32.69444444,217,1178,2.218553459,3,6.698113208
Netclan20241110,https://insights.blackcoffer.com/power-bi-dashboard-on-operations-transactions-and-marketing-embedding-the-dashboard-to-web-app/,5,0,0.9999998,0.02487562177,53.66666667,40.29850746,37.58606965,53.66666667,81,323,2.383084577,2,7.07960199
Netclan20241111,https://insights.blackcoffer.com/nft-data-automation-looksrare-and-etl-tool/,12,3,0.59999996,0.04687499985,31.22222222,32.1875,25.36388889,31.22222222,103,563,2.190625,5,6.54375
Netclan20241112,https://insights.blackcoffer.com/optimize-the-data-scraper-program-to-easily-accommodate-large-files-and-solve-oom-errors/,10,3,0.538461497,0.0503875967,38.90909091,36.82170543,30.29231853,38.90909091,95,429,2.282945736,4,6.914728682
Netclan20241113,https://insights.blackcoffer.com/making-a-robust-way-to-sync-data-from-airtables-to-mongodb-using-python-etl-solution/,8,5,0.230769213,0.04049844224,37.6,29.90654206,27.00261682,37.6,96,565,2.152647975,3,6.647975078
Netclan20241114,https://insights.blackcoffer.com/incident-duration-prediction-infrastructure-and-real-estate/,7,1,0.7499999063,0.0276816608,40.41666667,37.71626298,31.25317186,40.41666667,109,486,2.3183391,6,7.003460208
Netclan20241115,https://insights.blackcoffer.com/statistical-data-analysis-of-reinforced-concrete/,11,2,0.6923076391,0.03631284906,37.82352941,40.5027933,31.33052908,37.82352941,145,644,2.424581006,6,7.24301676
Netclan20241116,https://insights.blackcoffer.com/database-normalization-segmentation-with-google-data-studio-dashboard-insights/,9,0,0.9999998889,0.03135888491,26.22222222,35.88850174,24.84428959,26.22222222,103,473,2.317073171,10,6.857142857
Netclan20241117,https://insights.blackcoffer.com/power-bi-dashboard-to-drive-insights-from-complex-data-to-generate-business-insights/,10,3,0.538461497,0.03834808248,30.52631579,29.79351032,24.12793045,30.52631579,101,581,2.138643068,10,6.469026549
Netclan20241118,https://insights.blackcoffer.com/real-time-dashboard-to-monitor-infrastructure-activity-and-machines/,5,1,0.6666665556,0.02752293565,46.375,40.36697248,34.69678899,46.375,88,372,2.399082569,4,7.169724771
Netclan20241119,https://insights.blackcoffer.com/electric-vehicles-ev-load-management-system-to-forecast-energy-demand/,8,2,0.59999994,0.03144654078,36.06666667,36.47798742,29.01786164,36.06666667,116,542,2.317610063,9,6.77672956
Netclan20241120,https://insights.blackcoffer.com/power-bi-data-driven-map-dashboard/,5,0,0.9999998,0.02923976591,68,40.93567251,43.57426901,68,70,273,2.415204678,2,7.169590643
Netclan20241121,https://insights.blackcoffer.com/google-local-service-ads-lsa-leads-dashboard/,28,3,0.8064515869,0.06175298792,27.09090909,30.27888446,22.94791742,27.09090909,152,895,2.15936255,5,6.593625498
Netclan20241122,https://insights.blackcoffer.com/aws-lex-voice-and-chatbot/,17,0,0.9999999412,0.04899135433,33.16666667,27.08933718,24.10240154,33.16666667,94,598,2.086455331,7,6.317002882
Netclan20241123,https://insights.blackcoffer.com/metabridges-api-decentraland-integration/,6,2,0.4999999375,0.02318840573,29.73684211,32.46376812,24.88024409,29.73684211,112,566,2.171014493,2,6.542028986
Netclan20241124,https://insights.blackcoffer.com/microsoft-azure-chatbot-with-luis-language-understanding/,10,0,0.9999999,0.04166666649,42.66666667,35.83333333,31.4,42.66666667,86,385,2.345833333,2,6.895833333
Netclan20241125,https://insights.blackcoffer.com/impact-of-news-media-and-press-on-innovation-startups-and-investments/,17,4,0.6190475896,0.0658307208,25.08695652,31.03448276,22.44857571,25.08695652,99,578,2.197492163,10,6.554858934
Netclan20241126,https://insights.blackcoffer.com/aws-quicksight-reporting-dashboard/,12,3,0.59999996,0.04385964899,42.85714286,33.62573099,30.59314954,42.85714286,115,601,2.160818713,7,6.581871345
Netclan20241127,https://insights.blackcoffer.com/google-data-studio-dashboard-for-marketing-ads-and-traction-data/,17,2,0.7894736427,0.04377880174,40.73684211,28.57142857,27.72330827,40.73684211,124,775,2.092165899,10,6.555299539
Netclan20241128,https://insights.blackcoffer.com/gangala-in-e-commerce-big-data-etl-elt-solution-and-data-warehouse/,13,2,0.7333332844,0.04838709662,37.26666667,32.25806452,27.80989247,37.26666667,100,560,2.190322581,10,6.587096774
Netclan20241129,https://insights.blackcoffer.com/big-data-solution-to-an-online-multivendor-marketplace-ecommerce-business/,24,0,0.9999999583,0.06896551704,54.36363636,31.03448276,34.15924765,54.36363636,108,599,2.195402299,7,6.629310345
Netclan20241130,https://insights.blackcoffer.com/creating-a-custom-report-and-dashboard-using-the-data-got-from-atera-api/,5,0,0.9999998,0.02512562801,55.83333333,38.69346734,37.81072027,55.83333333,77,336,2.361809045,4,6.989949749
Netclan20241131,https://insights.blackcoffer.com/azure-data-lake-and-power-bi-dashboard/,10,2,0.6666666111,0.04494382006,31.21428571,39.70037453,28.3658641,31.21428571,106,438,2.434456929,2,7.355805243
Netclan20241132,https://insights.blackcoffer.com/google-data-studio-pipeline-with-gcp-mysql/,5,2,0.4285713673,0.03030303017,55.57142857,34.1991342,35.90822511,55.57142857,79,390,2.29004329,3,6.887445887
Netclan20241133,https://insights.blackcoffer.com/quickbooks-dashboard-to-find-patterns-in-finance-sales-and-forecasts/,13,0,0.9999999231,0.03857566754,43.42857143,32.04747774,30.19041967,43.42857143,108,609,2.24925816,4,6.976261128
Netclan20241134,https://insights.blackcoffer.com/marketing-sales-and-financial-data-business-dashboard-wink-report/,9,0,0.9999998889,0.02875399352,30.38888889,34.82428115,26.08526802,30.38888889,109,548,2.303514377,5,6.96485623
Netclan20241135,https://insights.blackcoffer.com/react-native-apps-in-the-development-portfolio/,4,0,0.99999975,0.0227272726,78.5,38.06818182,46.62727273,78.5,67,315,2.323863636,3,7.017045455
Netclan20241136,https://insights.blackcoffer.com/a-leading-firm-website-seo-optimization/,7,0,0.9999998571,0.03240740726,38.11111111,37.5,30.24444444,38.11111111,81,344,2.365740741,2,7.041666667
Netclan20241137,https://insights.blackcoffer.com/a-leading-hospitality-firm-in-the-usa-website-seo-optimization/,11,0,0.9999999091,0.04954954933,41.55555556,39.18918919,32.2978979,41.55555556,87,375,2.351351351,2,6.990990991
Netclan20241138,https://insights.blackcoffer.com/a-leading-firm-in-the-usa-website-seo-optimization/,8,2,0.59999994,0.04830917851,66.6,38.16425121,41.90570048,66.6,79,334,2.328502415,2,6.869565217
Netclan20241139,https://insights.blackcoffer.com/a-leading-musical-instrumental-website-seo-optimization/,8,3,0.4545454132,0.0526315787,32.8,39.71291866,29.00516746,32.8,83,329,2.377990431,2,7.004784689
Netclan20241140,https://insights.blackcoffer.com/a-leading-firm-in-the-usa-seo-and-website-optimization/,7,1,0.7499999063,0.0396039602,35.55555556,38.11881188,29.46974697,35.55555556,77,321,2.351485149,2,7.074257426
Netclan20241141,https://insights.blackcoffer.com/immigration-datawarehouse-ai-based-recommendations/,14,0,0.9999999286,0.04334365312,33.41176471,33.43653251,26.73931889,33.41176471,108,571,2.247678019,9,6.876160991
Netclan20241142,https://insights.blackcoffer.com/lipsync-automation-for-celebrities-and-influencers/,5,0,0.9999998,0.0200803212,41.3,38.95582329,32.10232932,41.3,97,414,2.325301205,6,6.823293173
Netclan20241143,https://insights.blackcoffer.com/key-audit-matters-predictive-modeling/,7,8,-0.06666666222,0.03759398487,38.11111111,36.34085213,29.7807853,38.11111111,145,688,2.313283208,5,6.704260652
Netclan20241144,https://insights.blackcoffer.com/splitting-of-songs-into-its-vocals-and-instrumental/,14,3,0.6470587855,0.06049822043,39.08333333,34.16370107,29.29881376,39.08333333,96,470,2.245551601,3,6.822064057
Netclan20241145,https://insights.blackcoffer.com/ai-and-ml-technologies-to-evaluate-learning-assessments/,17,2,0.7894736427,0.05337078637,29.90909091,38.48314607,27.35689479,29.90909091,137,659,2.415730337,14,7.196629213
Netclan20241146,https://insights.blackcoffer.com/datawarehouse-and-recommendations-engine-for-airbnb/,13,3,0.6249999609,0.05047318596,33.5,35.01577287,27.40630915,33.5,111,537,2.312302839,9,6.883280757
Netclan20241147,https://insights.blackcoffer.com/real-estate-data-warehouse/,10,0,0.9999999,0.02976190467,34.23529412,33.92857143,27.26554622,34.23529412,114,583,2.211309524,3,6.764880952
Netclan20241148,https://insights.blackcoffer.com/traction-dashboards-of-marketing-campaigns-and-posts/,8,1,0.7777776914,0.02777777769,35.125,32.40740741,27.01296296,35.125,105,563,2.197530864,10,6.790123457
Netclan20241149,https://insights.blackcoffer.com/google-local-service-ads-lsa-data-warehouse/,7,0,0.9999998571,0.02777777767,36.18181818,35.71428571,28.75844156,36.18181818,90,399,2.281746032,2,6.76984127
Netclan20241150,https://insights.blackcoffer.com/google-local-service-ads-missed-calls-and-messages-automation-tool/,6,2,0.4999999375,0.03162055323,56.28571429,33.20158103,35.79491813,56.28571429,84,395,2.229249012,2,6.747035573
Netclan20241151,https://insights.blackcoffer.com/marketing-ads-leads-call-status-data-tool-to-bigquery/,8,0,0.999999875,0.03347280321,37.9,36.82008368,29.88803347,37.9,88,380,2.317991632,2,6.912133891
Netclan20241152,https://insights.blackcoffer.com/marketing-analytics-to-automate-leads-call-status-and-reporting/,8,0,0.999999875,0.03252032507,42.66666667,36.99186992,31.86341463,42.66666667,91,385,2.31300813,2,6.922764228
Netclan20241153,https://insights.blackcoffer.com/callrail-analytics-leads-report-alert/,7,0,0.9999998571,0.02868852447,35.81818182,35.6557377,28.58956781,35.81818182,87,395,2.299180328,2,6.905737705
Netclan20241154,https://insights.blackcoffer.com/marketing-automation-tool-to-notify-lead-details-to-clients-over-email-and-phone/,6,0,0.9999998333,0.02666666655,51.57142857,38.66666667,36.0952381,51.57142857,87,362,2.333333333,2,6.906666667
Netclan20241155,https://insights.blackcoffer.com/data-etl-local-service-ads-leads-to-bigquery/,8,0,0.999999875,0.03539822993,44.375,37.61061947,32.79424779,44.375,85,356,2.32300885,2,6.907079646
Netclan20241156,https://insights.blackcoffer.com/marbles-stimulation-using-python/,8,2,0.59999994,0.03546099278,35.28571429,32.62411348,27.1639311,35.28571429,92,495,2.145390071,4,6.386524823
Netclan20241157,https://insights.blackcoffer.com/stocktwits-data-structurization/,19,10,0.3103448169,0.04067321172,23.78431373,28.05049088,20.73392184,23.78431373,200,1214,2.126227209,8,6.591865358
Netclan20241158,https://insights.blackcoffer.com/sentimental-analysis-on-shareholder-letter-of-companies/,13,7,0.299999985,0.0432900432,31.75,39.39393939,28.45757576,31.75,182,763,2.331168831,7,6.885281385
Netclan20241159,https://insights.blackcoffer.com/population-and-community-survey-of-america/,18,9,0.333333321,0.03760445677,31.94594595,31.75487465,25.48032824,31.94594595,228,1186,2.200557103,5,6.530640669
Netclan20241160,https://insights.blackcoffer.com/google-lsa-api-data-automation-and-dashboarding/,26,19,0.1555555521,0.04482071709,25.57352941,31.47410359,22.8190532,25.57352941,316,1741,2.165338645,9,6.465139442
Netclan20241161,https://insights.blackcoffer.com/healthcare-data-analysis/,12,7,0.2631578809,0.06884057946,36.14285714,31.88405797,27.21076605,36.14285714,88,507,2.206521739,13,6.630434783
Netclan20241162,https://insights.blackcoffer.com/budget-sales-kpi-dashboard-using-power-bi/,4,0,0.99999975,0.02352941163,65.75,40,42.3,65.75,68,264,2.429411765,2,7.405882353
Netclan20241163,https://insights.blackcoffer.com/amazon-buy-bot-an-automation-ai-tool-to-auto-checkouts/,6,0,0.9999998333,0.02678571417,37,38.39285714,30.15714286,37,86,371,2.325892857,3,6.888392857